,DLINK_D02A18,D-Link_DIR-823Pro,D-Link_DIR-823Pro,D-Link_DIR-823Pro,D-Link_DIR-823Pro,D-Link_DIR-823Pro_5GHz,D-Link_DIR-823Pro,D-Link_DIR-823Pro,WHU-2018,D-Link_DIR-823Pro,D-Link_DIR-823Pro,WHU-2018,DLINK_D00ED8,D-Link_DIR-823Pro_5GHz,D-Link_DIR-823Pro,DLINK_D00EC0,D-Link_DIR-823Pro,D-Link_DIR-823Pro,DLINK_D02A60,DLINK_D02A10,D-Link_DIR-823Pro,D-Link_DIR-823Pro,WHU-2018,DLINK_D00EB8,D-Link_DIR-823Pro,D-Link_DIR-823Pro,D-Link_DIR-823Pro_5GHz,D-Link_DIR-823Pro,DLINK_D02A58,D-Link_DIR-823Pro,D-Link_DIR-823Pro_5GHz,D-Link_DIR-823Pro_5GHz,DLINK_D02A68,D-Link_DIR-823Pro,D-Link_DIR-823Pro,D-Link_DIR-823Pro,WHU-2018,D-Link_DIR-823Pro,D-Link_DIR-823Pro_5GHz,D-Link_DIR-823Pro,D-Link_DIR-823Pro,D-Link_DIR-823Pro,DLINK_D02A28,D-Link_DIR-823Pro_5GHz,WHU-2018,D-Link_DIR-823Pro,WHU-2018,WHU-2018,D-Link_DIR-823Pro,whu2011309,DLINK_D02A98,D-Link_DIR-823Pro,D-Link_DIR-823Pro,D-Link_DIR-823Pro,D-Link_DIR-823Pro,D-Link_DIR-823Pro,D-Link_DIR-823Pro_5GHz,D-Link_DIR-823Pro_5GHz,WHU-2018,D-Link_DIR-823Pro_5GHz,D-Link_DIR-823Pro,WHU-2018,whu2011314,D-Link_DIR-823Pro,DLINK_D02A48,D-Link_DIR-823Pro_5GHz,D-Link_DIR-823Pro,WHU-2018,D-Link_DIR-823Pro_5GHz,D-Link_DIR-823Pro,D-Link_DIR-823Pro_5GHz,D-Link_DIR-823Pro_5GHz,D-Link_DIR-823Pro,WHU-2018,WHU-2018,D-Link_DIR-823Pro,WHU-2018,WHU-2018,DLINK_D02A20,D-Link_DIR-823Pro,WHU-2018,D-Link_DIR-823Pro,D-Link_DIR-823Pro,D-Link_DIR-823Pro,WHU-2018,WHU-2018,D-Link_DIR-823Pro,D-Link_DIR-823Pro,D-Link_DIR-823Pro,D-Link_DIR-823Pro,D-Link_DIR-823Pro,DLINK_D013A8,WHU-2018,D-Link_DIR-823Pro,D-Link_DIR-823Pro_5GHz,WHU-2018,WHU-2018,D-Link_DIR-823Pro,WHU-2018,D-Link_DIR-823Pro,D-Link_DIR-823Pro,D-Link_DIR-823Pro,D-Link_DIR-823Pro,D-Link_DIR-823Pro,D-Link_DIR-823Pro,WHU-2018,DLINK_D02A30,D-Link_DIR-823Pro,D-Link_DIR-823Pro,WHU-2018,WHU-2018,WHU-2018,WHU-2018,DLINK_D02A38,D-Link_DIR-823Pro,WHU-2018,WHU-2018,D-Link_DIR-823Pro,D-Link_DIR-823Pro,WHU-2018,D-Link_DIR-823Pro,D-Link_DIR-823Pro,DLINK_D00E98,D-Link_DIR-823Pro,DLINK_D00ED0,D-Link_DIR-823Pro
,0c:73:eb:d0:2a:18,74:da:da:c0:d8:25,74:da:da:c1:3d:09,74:da:da:c1:3d:05,74:da:da:c0:d7:e9,74:da:da:c1:3d:0a,74:da:da:c0:d7:dd,74:da:da:98:8f:3c,0c:73:eb:d0:0e:b0,74:da:da:c1:3d:85,74:da:da:c1:3d:0d,0c:73:eb:d0:19:98,0c:73:eb:d0:0e:d8,74:da:da:c0:d8:26,74:da:da:c1:3b:65,0c:73:eb:d0:0e:c0,74:da:da:c1:03:61,74:da:da:c1:3b:69,0c:73:eb:d0:2a:60,0c:73:eb:d0:2a:10,74:da:da:c1:17:75,74:da:da:c1:25:9d,0c:73:eb:d0:0e:90,0c:73:eb:d0:0e:b8,74:da:da:c1:4a:7d,74:da:da:98:8f:30,74:da:da:c1:3d:0e,74:da:da:c0:d8:7d,0c:73:eb:d0:2a:58,74:da:da:c1:3b:45,74:da:da:c1:3d:06,74:da:da:c0:d7:ea,0c:73:eb:d0:2a:68,74:da:da:c1:5e:ed,74:da:da:c0:d7:81,74:da:da:c1:3b:79,0c:73:eb:d0:76:58,74:da:da:c0:f3:05,74:da:da:c0:d7:de,74:da:da:c1:14:99,74:da:da:c1:3d:35,74:da:da:c1:3b:85,0c:73:eb:d0:2a:28,74:da:da:c1:17:76,0c:73:eb:d0:13:a0,74:da:da:c0:d8:59,0c:73:eb:d0:76:30,0c:73:eb:d0:76:38,74:da:da:c0:d8:05,c0:61:18:93:3e:54,0c:73:eb:d0:2a:98,74:da:da:c0:d8:1d,74:da:da:c0:de:2d,74:da:da:c1:3c:cd,74:da:da:c1:47:cd,74:da:da:c1:04:4d,74:da:da:c1:3d:86,74:da:da:c0:d8:06,0c:73:eb:d0:11:d0,74:da:da:98:8f:3d,74:da:da:c1:3c:51,0c:73:eb:d0:76:20,c0:61:18:93:35:28,74:da:da:c0:d7:9d,0c:73:eb:d0:2a:48,74:da:da:c1:47:ce,74:da:da:c1:3b:c9,0c:73:eb:d0:0e:a8,74:da:da:c1:3b:66,74:da:da:c1:61:69,74:da:da:c1:3d:36,74:da:da:c0:f3:06,74:da:da:c0:d7:ed,0c:73:eb:d0:19:b0,0c:73:eb:d0:19:b8,74:da:da:c1:3c:6d,0c:73:eb:d0:76:28,0c:73:eb:d0:7e:e0,0c:73:eb:d0:2a:20,74:da:da:c1:3b:cd,0c:73:eb:d0:76:48,74:da:da:c1:04:45,74:da:da:98:db:44,74:da:da:c0:f4:69,0c:73:eb:d0:19:88,0c:73:eb:d0:0e:a0,74:da:da:c0:e0:6d,74:da:da:c1:3c:8d,74:da:da:c1:3b:49,74:da:da:98:ea:64,74:da:da:c1:25:a1,0c:73:eb:d0:13:a8,0c:73:eb:d0:7e:f8,74:da:da:c1:25:e5,74:da:da:c0:d7:82,0c:73:eb:d0:11:e0,0c:73:eb:d0:76:50,74:da:da:c1:4a:a5,0c:73:eb:d0:7e:d8,74:da:da:98:91:d4,74:da:da:98:ea:4c,74:da:da:98:8d:78,74:da:da:c1:4b:59,74:da:da:c1:3c:91,74:da:da:98:ea:54,0c:73:eb:d0:7e:e8,0c:73:eb:d0:2a:30,74:da:da:98:ea:5c,74:da:da:98:92:14,0c:73:eb:d0:13:b0,0c:73:eb:d0:19:a8,0c:73:eb:d0:2a:40,0c:73:eb:d0:7f:18,0c:73:eb:d0:2a:38,74:da:da:c0:f3:59,0c:73:eb:d0:7c:38,0c:73:eb:d0:76:10,74:da:da:c0:f6:15,74:da:da:c1:02:95,0c:73:eb:d0:7c:08,74:da:da:c0:d7:c5,74:da:da:c1:56:ed,0c:73:eb:d0:0e:98,74:da:da:c1:4a:c9,0c:73:eb:d0:0e:d0,74:da:da:c0:d7:09
1526455350771,-30,-40,-43,-44,-51,-51,-55,-56,-57,-58,-59,-61,-62,-63,-63,-64,-64,-64,-66,-67,-68,-68,-69,-70,-70,-70,-71,-71,-72,-72,-74,-75,-75,-75,-75,-76,-77,-78,-78,-78,-78,-79,-79,-80,-81,-81,-81,-82,-82,-82,-83,-83,-84,-84,-85,-86,-86,-88,-88,-89,-89,-89,-89,-90,-91,-91,-91,-91,-92,-92,-93,-93,-94,-94,-95,-96,-200,-200,-200,-200,-200,-200,-200,-200,-200,-200,-200,-200,-200,-200,-200,-200,-200,-200,-200,-200,-200,-200,-200,-200,-200,-200,-200,-200,-200,-200,-200,-200,-200,-200,-200,-200,-200,-200,-200,-200,-200,-200,-200,-200,-200,-200,-200,-200,-200,-200
1526455353792,-41,-41,-51,-52,-55,-58,-58,-54,-63,-61,-53,-50,-67,-60,-46,-60,-75,-68,-73,-62,-61,-79,-69,-56,-74,-65,-80,-200,-59,-81,-81,-75,-82,-74,-76,-74,-81,-82,-91,-78,-75,-79,-200,-85,-81,-81,-200,-81,-62,-81,-80,-83,-84,-81,-200,-71,-86,-83,-88,-90,-200,-200,-89,-90,-84,-200,-84,-91,-84,-200,-200,-200,-94,-94,-200,-200,-77,-77,-79,-79,-84,-84,-88,-91,-93,-96,-96,-200,-200,-200,-200,-200,-200,-200,-200,-200,-200,-200,-200,-200,-200,-200,-200,-200,-200,-200,-200,-200,-200,-200,-200,-200,-200,-200,-200,-200,-200,-200,-200,-200,-200,-200,-200,-200,-200,-200
1526455353807,-41,-41,-51,-52,-55,-58,-58,-54,-63,-61,-53,-50,-67,-60,-46,-60,-75,-68,-73,-62,-61,-79,-69,-56,-74,-65,-80,-200,-59,-81,-81,-75,-82,-74,-76,-74,-81,-82,-91,-78,-75,-79,-200,-85,-81,-81,-200,-81,-62,-81,-80,-83,-84,-81,-200,-71,-86,-83,-88,-90,-200,-200,-89,-90,-84,-200,-84,-91,-84,-200,-200,-200,-94,-94,-200,-200,-77,-77,-79,-79,-84,-84,-88,-91,-93,-96,-96,-200,-200,-200,-200,-200,-200,-200,-200,-200,-200,-200,-200,-200,-200,-200,-200,-200,-200,-200,-200,-200,-200,-200,-200,-200,-200,-200,-200,-200,-200,-200,-200,-200,-200,-200,-200,-200,-200,-200
1526455356839,-40,-41,-53,-47,-56,-57,-57,-58,-61,-63,-51,-53,-67,-60,-44,-64,-73,-67,-74,-66,-61,-81,-200,-64,-74,-65,-79,-200,-60,-82,-80,-76,-80,-83,-73,-77,-80,-80,-86,-78,-74,-79,-84,-86,-88,-80,-80,-77,-63,-81,-76,-89,-200,-82,-78,-81,-200,-84,-200,-89,-88,-200,-85,-200,-82,-200,-85,-200,-83,-94,-93,-93,-83,-200,-91,-200,-77,-81,-79,-79,-85,-84,-88,-91,-91,-96,-96,-86,-88,-91,-93,-94,-94,-94,-96,-96,-200,-200,-200,-200,-200,-200,-200,-200,-200,-200,-200,-200,-200,-200,-200,-200,-200,-200,-200,-200,-200,-200,-200,-200,-200,-200,-200,-200,-200,-200
1526455356848,-40,-41,-53,-47,-56,-57,-57,-58,-61,-63,-51,-53,-67,-60,-44,-64,-73,-67,-74,-66,-61,-81,-200,-64,-74,-65,-79,-200,-60,-82,-80,-76,-80,-83,-73,-77,-80,-80,-86,-78,-74,-79,-84,-86,-88,-80,-80,-77,-63,-81,-76,-89,-200,-82,-78,-81,-200,-84,-200,-89,-88,-200,-85,-200,-82,-200,-85,-200,-83,-94,-93,-93,-83,-200,-91,-200,-77,-81,-79,-79,-85,-84,-88,-91,-91,-96,-96,-86,-88,-91,-93,-94,-94,-94,-96,-96,-200,-200,-200,-200,-200,-200,-200,-200,-200,-200,-200,-200,-200,-200,-200,-200,-200,-200,-200,-200,-200,-200,-200,-200,-200,-200,-200,-200,-200,-200
1526455359900,-41,-43,-55,-47,-56,-55,-59,-59,-64,-62,-52,-53,-68,-63,-45,-63,-73,-67,-75,-64,-58,-79,-76,-66,-71,-64,-79,-200,-53,-85,-77,-75,-81,-74,-69,-77,-77,-80,-90,-81,-74,-81,-78,-88,-91,-79,-80,-79,-62,-200,-75,-89,-85,-80,-78,-80,-200,-83,-200,-87,-86,-88,-87,-200,-81,-200,-78,-200,-84,-95,-89,-93,-93,-95,-90,-94,-200,-79,-80,-200,-84,-85,-200,-200,-90,-200,-200,-86,-88,-87,-93,-94,-94,-92,-91,-96,-78,-83,-89,-91,-96,-97,-200,-200,-200,-200,-200,-200,-200,-200,-200,-200,-200,-200,-200,-200,-200,-200,-200,-200,-200,-200,-200,-200,-200,-200
1526455359905,-41,-43,-55,-47,-56,-55,-59,-59,-64,-62,-52,-53,-68,-63,-45,-63,-73,-67,-75,-64,-58,-79,-76,-66,-71,-64,-79,-200,-53,-85,-77,-75,-81,-74,-69,-77,-77,-80,-90,-81,-74,-81,-78,-88,-91,-79,-80,-79,-62,-200,-75,-89,-85,-80,-78,-80,-200,-83,-200,-87,-86,-88,-87,-200,-81,-200,-78,-200,-84,-95,-89,-93,-93,-95,-90,-94,-200,-79,-80,-200,-84,-85,-200,-200,-90,-200,-200,-86,-88,-87,-93,-94,-94,-92,-91,-96,-78,-83,-89,-91,-96,-97,-200,-200,-200,-200,-200,-200,-200,-200,-200,-200,-200,-200,-200,-200,-200,-200,-200,-200,-200,-200,-200,-200,-200,-200
1526455362964,-44,-40,-53,-48,-58,-55,-56,-58,-62,-64,-51,-52,-68,-62,-46,-66,-74,-68,-72,-61,-59,-82,-76,-65,-79,-65,-79,-200,-61,-83,-80,-75,-76,-80,-69,-76,-77,-81,-90,-81,-69,-81,-79,-88,-89,-76,-80,-78,-63,-85,-81,-89,-85,-81,-77,-83,-93,-83,-200,-88,-78,-89,-87,-200,-83,-200,-82,-200,-85,-96,-90,-92,-93,-95,-90,-94,-200,-80,-80,-200,-85,-85,-200,-91,-91,-97,-200,-86,-88,-88,-200,-94,-94,-92,-91,-96,-73,-83,-89,-93,-93,-97,-200,-200,-200,-200,-200,-200,-200,-200,-200,-200,-200,-200,-200,-200,-200,-200,-200,-200,-200,-200,-200,-200,-200,-200
1526455362969,-44,-40,-53,-48,-58,-55,-56,-58,-62,-64,-51,-52,-68,-62,-46,-66,-74,-68,-72,-61,-59,-82,-76,-65,-79,-65,-79,-200,-61,-83,-80,-75,-76,-80,-69,-76,-77,-81,-90,-81,-69,-81,-79,-88,-89,-76,-80,-78,-63,-85,-81,-89,-85,-81,-77,-83,-93,-83,-200,-88,-78,-89,-87,-200,-83,-200,-82,-200,-85,-96,-90,-92,-93,-95,-90,-94,-200,-80,-80,-200,-85,-85,-200,-91,-91,-97,-200,-86,-88,-88,-200,-94,-94,-92,-91,-96,-73,-83,-89,-93,-93,-97,-200,-200,-200,-200,-200,-200,-200,-200,-200,-200,-200,-200,-200,-200,-200,-200,-200,-200,-200,-200,-200,-200,-200,-200
1526455366024,-41,-41,-47,-49,-57,-56,-57,-58,-60,-64,-50,-55,-74,-61,-43,-63,-73,-70,-74,-63,-62,-81,-76,-59,-71,-64,-79,-200,-59,-80,-80,-76,-74,-78,-72,-75,-80,-78,-88,-78,-70,-79,-81,-85,-88,-80,-200,-78,-64,-84,-79,-86,-85,-81,-77,-80,-93,-84,-200,-89,-87,-89,-87,-200,-82,-200,-82,-200,-84,-95,-88,-93,-81,-200,-89,-200,-200,-80,-78,-80,-85,-85,-88,-91,-98,-97,-200,-200,-91,-84,-94,-94,-200,-94,-92,-96,-77,-83,-88,-92,-93,-97,-96,-200,-200,-200,-200,-200,-200,-200,-200,-200,-200,-200,-200,-200,-200,-200,-200,-200,-200,-200,-200,-200,-200,-200
1526455366025,-41,-41,-47,-49,-57,-56,-57,-58,-60,-64,-50,-55,-74,-61,-43,-63,-73,-70,-74,-63,-62,-81,-76,-59,-71,-64,-79,-200,-59,-80,-80,-76,-74,-78,-72,-75,-80,-78,-88,-78,-70,-79,-81,-85,-88,-80,-200,-78,-64,-84,-79,-86,-85,-81,-77,-80,-93,-84,-200,-89,-87,-89,-87,-200,-82,-200,-82,-200,-84,-95,-88,-93,-81,-200,-89,-200,-200,-80,-78,-80,-85,-85,-88,-91,-98,-97,-200,-200,-91,-84,-94,-94,-200,-94,-92,-96,-77,-83,-88,-92,-93,-97,-96,-200,-200,-200,-200,-200,-200,-200,-200,-200,-200,-200,-200,-200,-200,-200,-200,-200,-200,-200,-200,-200,-200,-200
1526455369086,-43,-40,-56,-48,-58,-55,-58,-59,-64,-67,-50,-51,-67,-61,-46,-59,-75,-67,-75,-62,-58,-83,-70,-59,-74,-64,-80,-200,-59,-81,-80,-75,-80,-80,-72,-81,-81,-82,-90,-80,-75,-83,-81,-88,-90,-79,-200,-77,-62,-84,-76,-88,-87,-83,-77,-81,-95,-83,-95,-88,-87,-91,-200,-95,-85,-200,-83,-200,-85,-95,-91,-91,-92,-200,-89,-99,-200,-79,-78,-80,-88,-86,-88,-91,-93,-200,-99,-200,-91,-84,-94,-95,-200,-94,-91,-96,-77,-200,-88,-92,-93,-200,-96,-94,-96,-98,-200,-200,-200,-200,-200,-200,-200,-200,-200,-200,-200,-200,-200,-200,-200,-200,-200,-200,-200,-200
1526455369087,-43,-40,-56,-48,-58,-55,-58,-59,-64,-67,-50,-51,-67,-61,-46,-59,-75,-67,-75,-62,-58,-83,-70,-59,-74,-64,-80,-200,-59,-81,-80,-75,-80,-80,-72,-81,-81,-82,-90,-80,-75,-83,-81,-88,-90,-79,-200,-77,-62,-84,-76,-88,-87,-83,-77,-81,-95,-83,-95,-88,-87,-91,-200,-95,-85,-200,-83,-200,-85,-95,-91,-91,-92,-200,-89,-99,-200,-79,-78,-80,-88,-86,-88,-91,-93,-200,-99,-200,-91,-84,-94,-95,-200,-94,-91,-96,-77,-200,-88,-92,-93,-200,-96,-94,-96,-98,-200,-200,-200,-200,-200,-200,-200,-200,-200,-200,-200,-200,-200,-200,-200,-200,-200,-200,-200,-200
1526455372153,-41,-40,-56,-47,-58,-55,-59,-58,-64,-60,-42,-53,-71,-61,-45,-59,-75,-67,-76,-63,-63,-76,-74,-60,-73,-62,-80,-200,-64,-79,-80,-75,-76,-79,-77,-76,-81,-79,-92,-77,-75,-80,-80,-89,-88,-80,-200,-77,-62,-86,-76,-89,-86,-81,-79,-82,-95,-84,-95,-89,-86,-89,-84,-96,-82,-200,-84,-200,-84,-96,-90,-93,-92,-200,-89,-97,-200,-79,-200,-78,-84,-84,-200,-200,-91,-96,-99,-200,-89,-85,-94,-95,-95,-95,-89,-200,-77,-90,-88,-92,-95,-200,-95,-94,-94,-90,-82,-88,-89,-100,-200,-200,-200,-200,-200,-200,-200,-200,-200,-200,-200,-200,-200,-200,-200,-200
1526455372155,-41,-40,-56,-47,-58,-55,-59,-58,-64,-60,-42,-53,-71,-61,-45,-59,-75,-67,-76,-63,-63,-76,-74,-60,-73,-62,-80,-200,-64,-79,-80,-75,-76,-79,-77,-76,-81,-79,-92,-77,-75,-80,-80,-89,-88,-80,-200,-77,-62,-86,-76,-89,-86,-81,-79,-82,-95,-84,-95,-89,-86,-89,-84,-96,-82,-200,-84,-200,-84,-96,-90,-93,-92,-200,-89,-97,-200,-79,-200,-78,-84,-84,-200,-200,-91,-96,-99,-200,-89,-85,-94,-95,-95,-95,-89,-200,-77,-90,-88,-92,-95,-200,-95,-94,-94,-90,-82,-88,-89,-100,-200,-200,-200,-200,-200,-200,-200,-200,-200,-200,-200,-200,-200,-200,-200,-200
1526455375214,-42,-42,-53,-49,-56,-55,-58,-58,-59,-64,-49,-52,-61,-62,-45,-60,-73,-69,-74,-60,-62,-76,-69,-65,-73,-66,-80,-200,-59,-81,-81,-76,-81,-79,-78,-76,-79,-78,-89,-77,-74,-81,-84,-89,-91,-80,-80,-82,-64,-86,-76,-88,-88,-83,-79,-82,-95,-83,-95,-89,-86,-89,-85,-95,-90,-200,-83,-200,-84,-95,-88,-93,-83,-200,-91,-97,-200,-80,-200,-80,-82,-86,-200,-200,-91,-97,-200,-200,-92,-88,-200,-95,-95,-93,-89,-200,-200,-90,-200,-93,-95,-200,-95,-94,-94,-96,-82,-88,-89,-100,-200,-200,-200,-200,-200,-200,-200,-200,-200,-200,-200,-200,-200,-200,-200,-200
1526455375219,-42,-42,-53,-49,-56,-55,-58,-58,-59,-64,-49,-52,-61,-62,-45,-60,-73,-69,-74,-60,-62,-76,-69,-65,-73,-66,-80,-200,-59,-81,-81,-76,-81,-79,-78,-76,-79,-78,-89,-77,-74,-81,-84,-89,-91,-80,-80,-82,-64,-86,-76,-88,-88,-83,-79,-82,-95,-83,-95,-89,-86,-89,-85,-95,-90,-200,-83,-200,-84,-95,-88,-93,-83,-200,-91,-97,-200,-80,-200,-80,-82,-86,-200,-200,-91,-97,-200,-200,-92,-88,-200,-95,-95,-93,-89,-200,-200,-90,-200,-93,-95,-200,-95,-94,-94,-96,-82,-88,-89,-100,-200,-200,-200,-200,-200,-200,-200,-200,-200,-200,-200,-200,-200,-200,-200,-200
1526455378275,-42,-41,-59,-49,-59,-55,-60,-58,-61,-65,-51,-53,-67,-62,-45,-60,-75,-68,-74,-61,-63,-79,-73,-59,-73,-64,-79,-78,-64,-81,-80,-75,-79,-78,-74,-75,-79,-83,-87,-80,-77,-81,-86,-89,-87,-80,-79,-82,-59,-86,-77,-88,-88,-84,-79,-83,-94,-83,-200,-88,-92,-91,-85,-95,-90,-200,-84,-200,-84,-96,-90,-95,-82,-200,-91,-96,-200,-81,-200,-75,-85,-85,-86,-93,-91,-96,-200,-200,-92,-90,-96,-94,-200,-95,-91,-200,-74,-200,-89,-92,-94,-200,-95,-200,-94,-96,-200,-200,-200,-100,-95,-96,-96,-200,-200,-200,-200,-200,-200,-200,-200,-200,-200,-200,-200,-200
1526455378282,-42,-41,-59,-49,-59,-55,-60,-58,-61,-65,-51,-53,-67,-62,-45,-60,-75,-68,-74,-61,-63,-79,-73,-59,-73,-64,-79,-78,-64,-81,-80,-75,-79,-78,-74,-75,-79,-83,-87,-80,-77,-81,-86,-89,-87,-80,-79,-82,-59,-86,-77,-88,-88,-84,-79,-83,-94,-83,-200,-88,-92,-91,-85,-95,-90,-200,-84,-200,-84,-96,-90,-95,-82,-200,-91,-96,-200,-81,-200,-75,-85,-85,-86,-93,-91,-96,-200,-200,-92,-90,-96,-94,-200,-95,-91,-200,-74,-200,-89,-92,-94,-200,-95,-200,-94,-96,-200,-200,-200,-100,-95,-96,-96,-200,-200,-200,-200,-200,-200,-200,-200,-200,-200,-200,-200,-200
1526455381336,-42,-41,-48,-47,-62,-56,-59,-53,-64,-66,-44,-52,-68,-62,-45,-61,-72,-62,-73,-59,-63,-80,-73,-66,-74,-64,-79,-77,-62,-82,-81,-75,-80,-77,-76,-75,-80,-80,-87,-80,-70,-81,-84,-87,-87,-80,-79,-78,-64,-84,-76,-88,-88,-85,-79,-85,-95,-83,-95,-89,-88,-88,-87,-95,-90,-200,-83,-200,-83,-96,-88,-95,-86,-200,-90,-96,-200,-70,-200,-76,-90,-85,-85,-93,-200,-95,-200,-200,-90,-89,-96,-94,-95,-96,-92,-98,-79,-200,-91,-94,-94,-200,-96,-200,-97,-200,-200,-200,-200,-200,-95,-97,-96,-93,-200,-200,-200,-200,-200,-200,-200,-200,-200,-200,-200,-200
1526455381336,-42,-41,-48,-47,-62,-56,-59,-53,-64,-66,-44,-52,-68,-62,-45,-61,-72,-62,-73,-59,-63,-80,-73,-66,-74,-64,-79,-77,-62,-82,-81,-75,-80,-77,-76,-75,-80,-80,-87,-80,-70,-81,-84,-87,-87,-80,-79,-78,-64,-84,-76,-88,-88,-85,-79,-85,-95,-83,-95,-89,-88,-88,-87,-95,-90,-200,-83,-200,-83,-96,-88,-95,-86,-200,-90,-96,-200,-70,-200,-76,-90,-85,-85,-93,-200,-95,-200,-200,-90,-89,-96,-94,-95,-96,-92,-98,-79,-200,-91,-94,-94,-200,-96,-200,-97,-200,-200,-200,-200,-200,-95,-97,-96,-93,-200,-200,-200,-200,-200,-200,-200,-200,-200,-200,-200,-200
1526455384394,-46,-41,-52,-48,-57,-56,-62,-59,-62,-62,-51,-49,-68,-61,-44,-58,-69,-69,-77,-61,-61,-79,-69,-60,-73,-68,-78,-73,-64,-85,-80,-75,-78,-70,-72,-75,-81,-80,-93,-79,-74,-80,-77,-91,-88,-80,-81,-82,-63,-84,-76,-86,-83,-84,-79,-81,-95,-91,-95,-89,-88,-90,-83,-200,-88,-200,-84,-200,-85,-96,-88,-92,-86,-200,-89,-96,-200,-77,-200,-79,-84,-85,-89,-93,-82,-97,-200,-200,-89,-87,-92,-93,-96,-93,-93,-98,-75,-200,-91,-94,-95,-200,-96,-200,-97,-200,-74,-200,-200,-99,-92,-96,-96,-93,-92,-94,-200,-200,-200,-200,-200,-200,-200,-200,-200,-200
1526455384395,-46,-41,-52,-48,-57,-56,-62,-59,-62,-62,-51,-49,-68,-61,-44,-58,-69,-69,-77,-61,-61,-79,-69,-60,-73,-68,-78,-73,-64,-85,-80,-75,-78,-70,-72,-75,-81,-80,-93,-79,-74,-80,-77,-91,-88,-80,-81,-82,-63,-84,-76,-86,-83,-84,-79,-81,-95,-91,-95,-89,-88,-90,-83,-200,-88,-200,-84,-200,-85,-96,-88,-92,-86,-200,-89,-96,-200,-77,-200,-79,-84,-85,-89,-93,-82,-97,-200,-200,-89,-87,-92,-93,-96,-93,-93,-98,-75,-200,-91,-94,-95,-200,-96,-200,-97,-200,-74,-200,-200,-99,-92,-96,-96,-93,-92,-94,-200,-200,-200,-200,-200,-200,-200,-200,-200,-200
1526455387464,-43,-39,-54,-49,-56,-55,-56,-58,-58,-61,-49,-56,-73,-63,-46,-65,-74,-67,-75,-62,-62,-79,-65,-69,-84,-66,-78,-73,-65,-81,-77,-76,-80,-72,-72,-200,-79,-80,-91,-82,-73,-82,-84,-87,-91,-80,-81,-80,-63,-83,-84,-86,-85,-83,-79,-79,-94,-83,-97,-89,-88,-94,-86,-200,-90,-200,-83,-200,-85,-96,-90,-95,-90,-200,-90,-99,-93,-81,-200,-78,-86,-86,-90,-96,-90,-97,-200,-200,-88,-86,-92,-95,-96,-93,-89,-98,-75,-200,-89,-95,-95,-200,-96,-95,-94,-200,-81,-200,-200,-99,-96,-96,-200,-200,-92,-94,-96,-200,-200,-200,-200,-200,-200,-200,-200,-200
1526455387464,-43,-39,-54,-49,-56,-55,-56,-58,-58,-61,-49,-56,-73,-63,-46,-65,-74,-67,-75,-62,-62,-79,-65,-69,-84,-66,-78,-73,-65,-81,-77,-76,-80,-72,-72,-200,-79,-80,-91,-82,-73,-82,-84,-87,-91,-80,-81,-80,-63,-83,-84,-86,-85,-83,-79,-79,-94,-83,-97,-89,-88,-94,-86,-200,-90,-200,-83,-200,-85,-96,-90,-95,-90,-200,-90,-99,-93,-81,-200,-78,-86,-86,-90,-96,-90,-97,-200,-200,-88,-86,-92,-95,-96,-93,-89,-98,-75,-200,-89,-95,-95,-200,-96,-95,-94,-200,-81,-200,-200,-99,-96,-96,-200,-200,-92,-94,-96,-200,-200,-200,-200,-200,-200,-200,-200,-200
1526455390528,-40,-39,-55,-47,-56,-55,-50,-60,-64,-57,-50,-52,-67,-62,-44,-58,-73,-69,-73,-63,-69,-79,-65,-60,-84,-63,-79,-73,-65,-81,-78,-76,-75,-70,-74,-79,-79,-78,-90,-84,-76,-82,-84,-87,-87,-75,-200,-83,-62,-83,-78,-88,-85,-82,-79,-82,-94,-85,-97,-88,-85,-94,-86,-200,-90,-200,-81,-200,-86,-96,-88,-95,-88,-200,-92,-99,-93,-77,-200,-78,-85,-86,-90,-96,-88,-96,-95,-200,-88,-88,-97,-94,-95,-200,-89,-200,-73,-200,-90,-95,-95,-200,-96,-95,-94,-200,-81,-200,-88,-200,-95,-96,-200,-200,-92,-79,-96,-92,-92,-94,-200,-200,-200,-200,-200,-200
1526455390531,-40,-39,-55,-47,-56,-55,-50,-60,-64,-57,-50,-52,-67,-62,-44,-58,-73,-69,-73,-63,-69,-79,-65,-60,-84,-63,-79,-73,-65,-81,-78,-76,-75,-70,-74,-79,-79,-78,-90,-84,-76,-82,-84,-87,-87,-75,-200,-83,-62,-83,-78,-88,-85,-82,-79,-82,-94,-85,-97,-88,-85,-94,-86,-200,-90,-200,-81,-200,-86,-96,-88,-95,-88,-200,-92,-99,-93,-77,-200,-78,-85,-86,-90,-96,-88,-96,-95,-200,-88,-88,-97,-94,-95,-200,-89,-200,-73,-200,-90,-95,-95,-200,-96,-95,-94,-200,-81,-200,-88,-200,-95,-96,-200,-200,-92,-79,-96,-92,-92,-94,-200,-200,-200,-200,-200,-200
1526455393584,-43,-42,-53,-50,-64,-55,-62,-58,-60,-64,-50,-51,-67,-60,-46,-61,-74,-69,-75,-66,-60,-83,-65,-64,-73,-66,-80,-200,-67,-81,-80,-77,-73,-78,-74,-75,-80,-77,-90,-82,-74,-85,-84,-88,-87,-82,-80,-76,-63,-83,-76,-88,-86,-83,-83,-86,-95,-93,-200,-89,-86,-94,-85,-200,-89,-200,-81,-200,-84,-97,-88,-92,-86,-200,-89,-99,-200,-78,-200,-82,-87,-85,-90,-91,-88,-96,-96,-200,-88,-87,-95,-92,-94,-200,-91,-95,-73,-200,-89,-200,-98,-200,-200,-200,-97,-200,-81,-200,-89,-200,-95,-96,-200,-200,-200,-86,-96,-92,-92,-94,-87,-92,-200,-200,-200,-200
1526455393589,-43,-42,-53,-50,-64,-55,-62,-58,-60,-64,-50,-51,-67,-60,-46,-61,-74,-69,-75,-66,-60,-83,-65,-64,-73,-66,-80,-200,-67,-81,-80,-77,-73,-78,-74,-75,-80,-77,-90,-82,-74,-85,-84,-88,-87,-82,-80,-76,-63,-83,-76,-88,-86,-83,-83,-86,-95,-93,-200,-89,-86,-94,-85,-200,-89,-200,-81,-200,-84,-97,-88,-92,-86,-200,-89,-99,-200,-78,-200,-82,-87,-85,-90,-91,-88,-96,-96,-200,-88,-87,-95,-92,-94,-200,-91,-95,-73,-200,-89,-200,-98,-200,-200,-200,-97,-200,-81,-200,-89,-200,-95,-96,-200,-200,-200,-86,-96,-92,-92,-94,-87,-92,-200,-200,-200,-200
1526455396649,-40,-41,-51,-48,-58,-56,-58,-59,-63,-63,-48,-54,-70,-61,-44,-61,-72,-67,-75,-64,-66,-81,-200,-67,-76,-66,-79,-75,-59,-80,-80,-75,-75,-76,-200,-77,-81,-78,-90,-81,-74,-81,-86,-89,-88,-79,-82,-78,-63,-83,-77,-88,-86,-81,-79,-81,-95,-84,-200,-89,-87,-90,-86,-95,-82,-200,-82,-200,-82,-96,-89,-93,-86,-200,-90,-200,-200,-80,-200,-77,-83,-85,-200,-91,-89,-96,-96,-200,-94,-88,-96,-93,-96,-96,-91,-95,-75,-200,-88,-92,-95,-95,-200,-94,-97,-100,-200,-200,-91,-97,-95,-96,-200,-200,-200,-86,-200,-92,-92,-200,-87,-92,-200,-200,-200,-200
1526455396653,-40,-41,-51,-48,-58,-56,-58,-59,-63,-63,-48,-54,-70,-61,-44,-61,-72,-67,-75,-64,-66,-81,-200,-67,-76,-66,-79,-75,-59,-80,-80,-75,-75,-76,-200,-77,-81,-78,-90,-81,-74,-81,-86,-89,-88,-79,-82,-78,-63,-83,-77,-88,-86,-81,-79,-81,-95,-84,-200,-89,-87,-90,-86,-95,-82,-200,-82,-200,-82,-96,-89,-93,-86,-200,-90,-200,-200,-80,-200,-77,-83,-85,-200,-91,-89,-96,-96,-200,-94,-88,-96,-93,-96,-96,-91,-95,-75,-200,-88,-92,-95,-95,-200,-94,-97,-100,-200,-200,-91,-97,-95,-96,-200,-200,-200,-86,-200,-92,-92,-200,-87,-92,-200,-200,-200,-200
1526455399709,-46,-53,-55,-48,-55,-55,-57,-57,-62,-57,-50,-51,-67,-64,-47,-66,-75,-67,-73,-63,-61,-83,-200,-60,-73,-62,-80,-75,-59,-77,-80,-76,-81,-68,-200,-72,-78,-80,-90,-83,-76,-81,-87,-86,-88,-80,-82,-80,-65,-84,-77,-86,-86,-82,-80,-81,-95,-84,-200,-90,-86,-90,-86,-95,-91,-200,-83,-200,-84,-96,-89,-92,-82,-200,-90,-96,-200,-80,-200,-77,-86,-82,-91,-91,-89,-200,-96,-88,-91,-89,-95,-92,-95,-96,-91,-95,-75,-200,-88,-92,-94,-95,-200,-94,-97,-100,-200,-200,-88,-97,-95,-95,-200,-200,-200,-87,-97,-200,-93,-200,-200,-92,-200,-200,-200,-200
1526455399710,-46,-53,-55,-48,-55,-55,-57,-57,-62,-57,-50,-51,-67,-64,-47,-66,-75,-67,-73,-63,-61,-83,-200,-60,-73,-62,-80,-75,-59,-77,-80,-76,-81,-68,-200,-72,-78,-80,-90,-83,-76,-81,-87,-86,-88,-80,-82,-80,-65,-84,-77,-86,-86,-82,-80,-81,-95,-84,-200,-90,-86,-90,-86,-95,-91,-200,-83,-200,-84,-96,-89,-92,-82,-200,-90,-96,-200,-80,-200,-77,-86,-82,-91,-91,-89,-200,-96,-88,-91,-89,-95,-92,-95,-96,-91,-95,-75,-200,-88,-92,-94,-95,-200,-94,-97,-100,-200,-200,-88,-97,-95,-95,-200,-200,-200,-87,-97,-200,-93,-200,-200,-92,-200,-200,-200,-200
1526455402758,-42,-44,-52,-51,-55,-55,-60,-58,-62,-62,-50,-53,-67,-61,-44,-61,-73,-71,-75,-60,-62,-78,-200,-59,-73,-61,-79,-74,-57,-82,-80,-75,-74,-64,-200,-63,-81,-78,-89,-82,-74,-80,-87,-85,-89,-79,-82,-78,-62,-84,-81,-86,-85,-83,-80,-83,-94,-83,-96,-91,-88,-91,-88,-97,-89,-200,-80,-200,-81,-93,-89,-94,-81,-200,-90,-96,-200,-80,-200,-79,-90,-88,-92,-200,-89,-97,-95,-75,-88,-88,-94,-93,-95,-94,-90,-97,-73,-87,-90,-200,-94,-95,-200,-200,-96,-200,-200,-200,-90,-200,-95,-95,-200,-200,-200,-87,-97,-200,-94,-200,-200,-92,-90,-200,-200,-200
1526455402761,-42,-44,-52,-51,-55,-55,-60,-58,-62,-62,-50,-53,-67,-61,-44,-61,-73,-71,-75,-60,-62,-78,-200,-59,-73,-61,-79,-74,-57,-82,-80,-75,-74,-64,-200,-63,-81,-78,-89,-82,-74,-80,-87,-85,-89,-79,-82,-78,-62,-84,-81,-86,-85,-83,-80,-83,-94,-83,-96,-91,-88,-91,-88,-97,-89,-200,-80,-200,-81,-93,-89,-94,-81,-200,-90,-96,-200,-80,-200,-79,-90,-88,-92,-200,-89,-97,-95,-75,-88,-88,-94,-93,-95,-94,-90,-97,-73,-87,-90,-200,-94,-95,-200,-200,-96,-200,-200,-200,-90,-200,-95,-95,-200,-200,-200,-87,-97,-200,-94,-200,-200,-92,-90,-200,-200,-200
1526455405827,-42,-37,-55,-47,-58,-55,-60,-60,-58,-61,-52,-53,-75,-62,-45,-59,-75,-66,-78,-61,-57,-83,-73,-67,-73,-63,-78,-74,-56,-82,-81,-79,-80,-74,-200,-77,-79,-78,-85,-80,-76,-85,-86,-90,-91,-79,-200,-79,-64,-84,-80,-86,-84,-84,-80,-83,-95,-88,-97,-87,-87,-90,-88,-97,-83,-200,-80,-90,-83,-95,-88,-93,-91,-200,-91,-96,-200,-83,-200,-81,-84,-88,-93,-200,-93,-92,-97,-75,-88,-89,-94,-93,-95,-94,-90,-97,-73,-87,-90,-200,-95,-200,-96,-200,-96,-200,-200,-200,-89,-200,-96,-200,-200,-200,-200,-87,-97,-200,-94,-200,-200,-92,-90,-95,-97,-200
1526455405832,-42,-37,-55,-47,-58,-55,-60,-60,-58,-61,-52,-53,-75,-62,-45,-59,-75,-66,-78,-61,-57,-83,-73,-67,-73,-63,-78,-74,-56,-82,-81,-79,-80,-74,-200,-77,-79,-78,-85,-80,-76,-85,-86,-90,-91,-79,-200,-79,-64,-84,-80,-86,-84,-84,-80,-83,-95,-88,-97,-87,-87,-90,-88,-97,-83,-200,-80,-90,-83,-95,-88,-93,-91,-200,-91,-96,-200,-83,-200,-81,-84,-88,-93,-200,-93,-92,-97,-75,-88,-89,-94,-93,-95,-94,-90,-97,-73,-87,-90,-200,-95,-200,-96,-200,-96,-200,-200,-200,-89,-200,-96,-200,-200,-200,-200,-87,-97,-200,-94,-200,-200,-92,-90,-95,-97,-200
1526455408887,-41,-38,-57,-49,-53,-56,-59,-58,-60,-68,-46,-53,-70,-61,-44,-57,-77,-64,-79,-58,-61,-89,-73,-60,-73,-62,-79,-79,-64,-81,-81,-82,-73,-76,-73,-80,-78,-78,-86,-77,-74,-85,-78,-88,-87,-78,-79,-77,-62,-84,-80,-89,-84,-78,-200,-80,-93,-84,-97,-90,-85,-90,-83,-96,-88,-200,-85,-90,-83,-94,-89,-92,-81,-200,-89,-200,-200,-82,-200,-79,-84,-200,-93,-90,-89,-92,-97,-75,-90,-87,-94,-93,-95,-200,-88,-200,-73,-90,-89,-93,-95,-200,-96,-200,-96,-200,-200,-200,-89,-200,-96,-200,-200,-200,-200,-200,-200,-200,-94,-200,-200,-92,-90,-93,-97,-200
1526455408892,-41,-38,-57,-49,-53,-56,-59,-58,-60,-68,-46,-53,-70,-61,-44,-57,-77,-64,-79,-58,-61,-89,-73,-60,-73,-62,-79,-79,-64,-81,-81,-82,-73,-76,-73,-80,-78,-78,-86,-77,-74,-85,-78,-88,-87,-78,-79,-77,-62,-84,-80,-89,-84,-78,-200,-80,-93,-84,-97,-90,-85,-90,-83,-96,-88,-200,-85,-90,-83,-94,-89,-92,-81,-200,-89,-200,-200,-82,-200,-79,-84,-200,-93,-90,-89,-92,-97,-75,-90,-87,-94,-93,-95,-200,-88,-200,-73,-90,-89,-93,-95,-200,-96,-200,-96,-200,-200,-200,-89,-200,-96,-200,-200,-200,-200,-200,-200,-200,-94,-200,-200,-92,-90,-93,-97,-200
1526455411949,-40,-38,-54,-47,-56,-57,-55,-53,-56,-60,-51,-53,-68,-58,-45,-65,-75,-67,-80,-45,-62,-85,-70,-61,-69,-61,-80,-79,-59,-82,-78,-76,-77,-83,-73,-78,-78,-78,-85,-78,-62,-86,-78,-84,-84,-79,-79,-78,-63,-200,-76,-88,-83,-82,-200,-82,-93,-83,-97,-90,-90,-90,-83,-96,-83,-200,-82,-200,-83,-94,-88,-92,-87,-200,-92,-200,-200,-83,-200,-78,-84,-200,-93,-90,-94,-92,-96,-200,-89,-89,-200,-93,-95,-91,-90,-200,-73,-90,-92,-93,-92,-200,-95,-97,-91,-200,-200,-200,-91,-200,-94,-200,-200,-200,-91,-88,-200,-200,-200,-200,-200,-200,-200,-93,-97,-200
1526455411953,-40,-38,-54,-47,-56,-57,-55,-53,-56,-60,-51,-53,-68,-58,-45,-65,-75,-67,-80,-45,-62,-85,-70,-61,-69,-61,-80,-79,-59,-82,-78,-76,-77,-83,-73,-78,-78,-78,-85,-78,-62,-86,-78,-84,-84,-79,-79,-78,-63,-200,-76,-88,-83,-82,-200,-82,-93,-83,-97,-90,-90,-90,-83,-96,-83,-200,-82,-200,-83,-94,-88,-92,-87,-200,-92,-200,-200,-83,-200,-78,-84,-200,-93,-90,-94,-92,-96,-200,-89,-89,-200,-93,-95,-91,-90,-200,-73,-90,-92,-93,-92,-200,-95,-97,-91,-200,-200,-200,-91,-200,-94,-200,-200,-200,-91,-88,-200,-200,-200,-200,-200,-200,-200,-93,-97,-200
1526455415004,-44,-40,-55,-46,-57,-60,-59,-62,-68,-62,-49,-49,-71,-60,-44,-57,-76,-70,-84,-57,-61,-88,-70,-62,-72,-61,-81,-200,-58,-80,-78,-76,-83,-81,-73,-78,-84,-80,-83,-77,-74,-82,-86,-85,-88,-81,-79,-77,-50,-82,-78,-88,-84,-80,-200,-80,-93,-81,-200,-88,-85,-200,-83,-94,-87,-94,-81,-91,-84,-94,-93,-93,-80,-200,-92,-200,-200,-84,-200,-74,-80,-86,-91,-90,-89,-200,-96,-200,-89,-88,-200,-93,-200,-93,-95,-200,-74,-90,-89,-200,-94,-200,-95,-97,-95,-200,-200,-200,-88,-200,-94,-200,-200,-200,-91,-88,-200,-200,-200,-200,-200,-200,-200,-200,-200,-82
1526455415004,-44,-40,-55,-46,-57,-60,-59,-62,-68,-62,-49,-49,-71,-60,-44,-57,-76,-70,-84,-57,-61,-88,-70,-62,-72,-61,-81,-200,-58,-80,-78,-76,-83,-81,-73,-78,-84,-80,-83,-77,-74,-82,-86,-85,-88,-81,-79,-77,-50,-82,-78,-88,-84,-80,-200,-80,-93,-81,-200,-88,-85,-200,-83,-94,-87,-94,-81,-91,-84,-94,-93,-93,-80,-200,-92,-200,-200,-84,-200,-74,-80,-86,-91,-90,-89,-200,-96,-200,-89,-88,-200,-93,-200,-93,-95,-200,-74,-90,-89,-200,-94,-200,-95,-97,-95,-200,-200,-200,-88,-200,-94,-200,-200,-200,-91,-88,-200,-200,-200,-200,-200,-200,-200,-200,-200,-82
